"Timestamp","Your Education Level","Your Nationality","Income Level ","Are you religious? ","Your Gender? ","Your Culture","What Is one of your three most favourite movie ? (Movie #1)","What is one of your three most favourite movie ? (Movie #2) ","What Is one of your most favourite movie?  (Movie #3)","Among the three most favourite movie you just mentioned, which one rank the first or which one you like the most? ","Where were you when you watch the movie that you like the most among the three? ","What's the genre of the movie that you like the most among the three? ","What age did you watch  the movie that you like the most among the three? ","What was your mood before you watch the movie that you like the most among the three? ","What was your mood after you watch the movie that you like the most? ","Artistic, like to have novel experience, like adventure and travel, curious, creative","Always prepared, pay attention to details, organized, follow schedule, finish the tasks ","like party, don't mind being the center of attention, like to start conversations, talkitive","easily disturbed, moody, irritated easily, upset easily, worry about things","I am interested in people, sympathize with others' feelings, have soft heart, take time out for others, don't like conflict"
"2015/08/19 3:35:07 AM MDT","University","Iceland","4","Yes","Female","European","once where warrior","","","","","Drama","24","happy","sad","5","5","3","1","5 traits match me"
"2015/08/19 3:37:31 AM MDT","PHD","South Africa","3","Yes","Male","Western","","","","","","Drama","","","","4","3","2","1","5 traits match me"
"2015/08/19 3:48:35 AM MDT","High school","American","2","No","Male","Western","Fight club","","","","","Brain twister","16","happy","Excited","5","5","2","2","5 traits match me"
"2015/08/19 3:48:52 AM MDT","High school","American","2","No","Male","Western","Fight club","","","","","Brain twister","16","happy","Excited","5","5","2","2","5 traits match me"
"2015/08/19 3:49:48 AM MDT","High school","American","2","No","Male","Western","Fight club","","","","","Brain twister","16","happy","Excited","5","5","2","2","5 traits match me"
"2015/08/19 4:09:13 AM MDT","College","India","2","Yes","Male","South Asian","Batman : the dark knight","","","","","Thriller","18","Don't know","Happy and thinking about it almost 3 days","2","2","1","5","5 traits match me"
"2015/08/19 4:31:58 AM MDT","University","nigeria","4","No","Male","african","mission impossible","","","","Watch movie with others at home","action,thriller","21","anxious","excited","5","5","1","1","5 traits match me"
"2015/08/19 4:56:21 AM MDT","PHD","","","Yes","Female","European","Ghost","","","","By yourself","Drama","20","happy","happy","5","5","3","4","5 traits match me"
"2015/08/19 5:14:22 AM MDT","University","english","3","Don't Know","Female","Western","The Kite Runner","","","","Watch movie with others at home","Mystery","","happy","distressed","3","5","4","2","5"
"2015/08/19 5:29:15 AM MDT","University","INDIA","3","Don't Know","Don't want to say","East Asian","MR INDIA","","","","Watch movie with others at home","Science Fiction","15","happy","happy","5","5","3","3","5"
"2015/08/19 5:42:01 AM MDT","University","Australia","2","No","Male","European","Anchorman","","","","Movie Theater","Comedy","16","happy","happy","4","3","2","1","3"
"2015/08/19 5:46:33 AM MDT","College","UK","3","No","Male","Western","Shawshank Redemption","","","","By yourself","Drama","teens","intrigued","edified","2","2","1","3","5"
"2015/08/19 5:47:40 AM MDT","College","Indian ","1","Yes","Male","East Asian","Karate kid","","","","By yourself","Motivation ","22","sad","happy","4","1","1","5","5"
"2015/08/19 5:49:43 AM MDT","High school","Australian","2","No","Female","Australian","Cabin in the woods","","","","By yourself","Horror","14","boring","happy","2","4","1","1","5"
"2015/08/19 5:55:46 AM MDT","Graduate School","India","2","Yes","Male","East Asian","Batman Dark knight","","","","By yourself","Horror","18","happy","happy","2","3","4","5","3"
"2015/08/19 6:02:36 AM MDT","High school","India","3","Don't Know","Female","East Asian","escape plan","","","","By yourself","Science Fiction","16","boring","happy","2","3","1","3","3"
"2015/08/19 6:03:09 AM MDT","University","Canadian","3","No","Male","European","Airplane","","","","Movie Theater","Drama","24","happy","happy","2","3","2","3","2"
"2015/08/19 6:13:31 AM MDT","College","English","3","Yes","Female","Western","The Piano","","","","Before I Sleep","Drama","17","boring","Invigorated","4","4","2","5","5"
"2015/08/19 6:21:22 AM MDT","College","indian","3","No","Female","south indian","curious case of Benjamin buttons","","","","By yourself","Mystery","30","","","1","3","2","3","4"
"2015/08/19 7:04:16 AM MDT","University","United States","3","No","Female","Western","The Fifth Element","","","","Watch movie with others at home","Science Fiction","41","happy","excited","4","3","3","2","3"
"2015/08/19 8:10:47 AM MDT","re religion ??? not in the spiritual and believe in a higher power the question is a bit open to interpretation","Australia","4","Don't Know","Female","Australian but western more European than ameruvan","love Actually or Fight Club with Anne of Green Gables a close third","","","","when I was watching the movie?  at home alone ","Comedy","love Actually 28 ","lonely ","uplifted","4","3","3","3","3"
"2015/08/19 8:16:39 AM MDT","High school","Australian","2","Don't Know","Female","Western","Love & Pop","","","","By yourself","live action","17","indifferent ","empty","4","2","3","3","2"
"2015/08/19 8:41:47 AM MDT","University","Australian","3","No","Female","European","5th element","","","","While eatting","Science Fiction","20","boring","happy","5","4","3","5","5"
"2015/08/19 9:32:19 AM MDT","College","American","3","Yes","Female","Western","The Green Mile","","","","Watch movie with others at home","Drama","20","happy","happy","3","3","2","2","4"
"2015/08/19 12:07:57 PM MDT","High school","U.S.","1","Yes","Female","Western","Steel Magnolias","","","","By yourself","Drama","16","happy","sad","3","2","1","1","5"
"2015/08/19 1:14:07 PM MDT","University","canadian","1","Yes","Female","East Asian","miss granny","","","","i don't understand the question. where was i when?","romantic comedy","24","bored","happy","2","5","3","1","2"
"2015/08/19 2:16:36 PM MDT","University","USA","2","Don't Know","Female","Asian (Indian)","The Brothers Bloom","Hot Fuzz","Sherlock Holmes (Robert Downey Jr version)","","Watch movie with others at home","Drama","19","happy","sad","4","5","2","2","3"
"2015/08/19 3:52:06 PM MDT","College","USA","3","No","Male","Western","Children of Men","Saving Private Ryan","Spaceballs","","At Friends House","Action","20","happy","happy","4","5","4","2","3"
"2015/08/19 4:10:29 PM MDT","College","US","2","No","Female","Western","Shawshank Redemption","Fellowship of the Ring","Braveheart","","By yourself","Drama","30","Neutral","Inspired","5","3","3","2","5"
"2015/08/19 4:33:09 PM MDT","High school","USA","3","Yes","Male","Western","Gladiator","Ben Hur","The Big Country","","Movie Theater","Action","59","happy","sad","1","3","2","2","3"
"2015/08/19 5:18:48 PM MDT","University","White","2","No","","Last I checked, Europe was in the west","Cloud Atlas","Fifth Element","Pom Poko","","Home","Science Fiction;Mystery;Comedy;Drama;Romance;Action;How the fuck did you miss ""fantasy""?","If you don't want my age in years, what fucking measurement do you want it in?","apathetic","I wanted to watch it again","3","3","1","1","3"
"2015/08/19 7:56:13 PM MDT","Graduate School","Indian","2","Yes","Female","East Asian","Gattaca","Stranger than fiction","Lord of war","","By yourself","Comedy","24","happy","happy","5","1","1","4","3"
"2015/08/19 8:06:21 PM MDT","University","Slovenian","2","No","Male","European","The Intouchables (2011)","Mad Max ","The Shawshank Redemption","","Movie Theater","Comedy;Drama","28","happy","happy","3","5","3","4","3"
"2015/08/19 8:07:10 PM MDT","College","Canada","3","No","Female","Western","The Grudge","The Princess Bride","Forest Gump","","By yourself","Horror","10","happy","happy","3","5","2","2","1"
"2015/08/19 8:33:40 PM MDT","High school","white","2","Yes","Female","European","titanic","the notebook","the little mermaid","","Watch movie with others at home","Romance","14","sad","happy","4","3","4","3","5"
"2015/08/19 8:35:51 PM MDT","High school","American","3","No","Female","American","The Skin I Live In","The Prestige","Time ","","By yourself","Thriller","22","neutral","intrigued","4","4","1","4","3"
"2015/08/19 9:06:29 PM MDT","College","Sri Lanka","2","No","Male","East Asian","Back To The future","Oldboy","Synecdoche New York","","By yourself","Drama","3","boring","happy","5","5","3","5","5"
"2015/08/19 10:34:16 PM MDT","High school","Canada","2","No","Female","Western","Children of Men","Fight Club","The Matrix","","By yourself","Science Fiction;Action","25","boring","happy","1","4","2","5","4"
"2015/08/19 11:40:46 PM MDT","University","China","3","No","Female","East Asian","Rise of apes","Predestination ","Resident evil","","Watch movie with others at home","Mystery","23","boring","happy","4","4","4","4","4"
"2015/08/20 12:54:38 AM MDT","College","USA","2","Don't Know","Male","American","Indiana Jones","Jurrassic Park","dumb and dumber","","Watch movie with others at home","Action","4","happy","happy","2","4","1","3","1"
"2015/08/20 1:14:05 AM MDT","University","North Amercian","1","Don't Know","Female","Cana-American","Donnie Darko","Out to Sea","The Man Who Fell To Earth","","Others","Indie","17","In love","Cathartic","4","4","3","3","3"
"2015/08/20 1:32:54 AM MDT","University","Canada","3","No","Male","East Asian","The Matrix I","Rise of the Planet of the Apes","Avatar","Movie #1","Watch movie with others at home","Science Fiction","18","Don't know","Content","4","2","2","1","4"
"2015/08/20 2:51:35 AM MDT","University","Earth","3","No","Male","Middle East","The note book","Mary & max","Braveheart","Movie #2","Watch movie with others at home","Mystery;Anime","32","bored","sad","1","3","1","1","4"
"2015/08/20 5:26:41 AM MDT","College","Canada","3","No","Female","Western","Tell No One","The Closet","Office Space","Movie #1","Watch movie with others at home","Mystery","60","happy","wow!","4","5","2","3","5"
"2015/08/20 5:34:10 AM MDT","University","Greece","3","Yes","Male","European","Life is a bolero","Cinema paradise","No mercy ","Movie #1","Movie Theater","Action","25","Normally ","inspired","5","3","3","4","4"
"2015/08/20 5:37:44 AM MDT","University","Indonesia","2","Yes","Male","East Asian","enemy at the gate","zero to hero","avanger","Movie #1","By yourself","Romance;Action","30","happy","happy","2","3","3","2","4"
"2015/08/20 5:38:21 AM MDT","College","American","3","No","Male","Western","Christmas Vacation","Bird Cage","Van Helsing","Movie #1","Watch movie with others at home","Comedy","28.4","happy","happy","3","4","2","2","3"
"2015/08/20 5:40:15 AM MDT","College","Australian","3","Yes","Male","European","Mission impossible","Lord of the rings","Matrix","Movie #1","Watch movie with others at home","Action","53","happy","happy","3","4","3","2","4"
"2015/08/20 5:53:00 AM MDT","School","Indian","","No","Don't want to say","European","Yjhd","Chennai express","Pk","Movie #3","By yourself","Comedy","14","happy","inspired","4","2","2","5","4"
"2015/08/20 5:54:38 AM MDT","University","Romania","2","Don't Know","Male","European","Gladiator","Braveheart","Lord of the rings","Movie #1","By yourself","Drama;Romance;Action","","happy","motived","5","5","4","5","3"
"2015/08/20 5:54:41 AM MDT","University","American","3","No","Male","American indian","2001 a space oddessey","Interstellar","Hunt for red october","Movie #1","By yourself","Science Fiction","10","happy","inspired","5","3","3","1","2"
"2015/08/20 6:17:06 AM MDT","Graduate School","India","3","No","Male","Indian","Bourne series","Jurassic park","Die hard","Movie #1","Before I Sleep","Science Fiction;Mystery;Comedy;Anime;Action","22","happy","excited","5","4","3","3","3"
"2015/08/20 8:50:55 AM MDT","Graduate School","sweden","4","No","Male","European","casshern","casablanca ","totoro","Movie #2","By yourself","Drama;Romance","14","bored","educated","4","2","4","2","4"
"2015/08/20 9:23:33 AM MDT","University","United States","2","Don't Know","Male","Western","Phantasm","Start Wars","Strange Days","Movie #2","Watch movie with others at home","Science Fiction","9","","excited","5","4","5","2","5"
"2015/08/20 12:17:00 PM MDT","Some University","Canada","2","No","Female","Western","V For Vendetta","Hidalgo","Harry Potter","Movie #1","By yourself","Drama","Around 20 or 21","I don't know!","It was a long time ago!","2","3","1","2","5"
"2015/08/20 2:06:31 PM MDT","High school","U.S. ","3","Yes","Male","Middle East","Elysium ","Mad Max Fury Road","The Hurt Locker ","Movie #1","By yourself","Action","16","happy","inspired","1","3","4","1","5"
"2015/08/20 3:34:33 PM MDT","College","American","2","No","Male","Western","Dr. Stangelove (Or How I Learned to Stop Worrying and Love the Bomb)","Star Trek 2: The Wrath of Khan","Monty Python and the Holy Grail","Movie #2","By yourself","Science Fiction","14","happy","happy","4","1","1","3","3"
"2015/08/20 7:29:26 PM MDT","High school","USA","4","No","Female","Western, but my interests are European","Back to the Future","Super 8","5 Centimetres Per Second","Movie #1","By yourself","Mystery","11","Don't remember","happy","5","2","3","2","5"
"2015/08/20 9:48:03 PM MDT","High school","United States","4","Yes","Male","Western","The Matrix","Akira","Raiders of the Lost Ark","Movie #2","Watch movie with others at home","Anime;Action","17","bored","excited","4","3","1","4","4"
"2015/08/20 10:40:16 PM MDT","University","Russian","3","Yes","Male","European","Signs","Meet the Parents","Harry Potter","Movie #1","By yourself","Mystery","20","bored","excited","3","5","2","2","4"
"2015/08/21 3:11:34 AM MDT","High school","Australian","3","No","Female","Western","Catch me if you can","Kill Bill vol 1","Saving mr banks","Movie #3","By yourself","biopic","16","bored","inspired","5","2","2","3","3"
"2015/08/24 1:40:46 PM MDT","College","Italian/Canadian","1","No","Female","European","The Bird Cage","The Emperor's New Groove","I don't know","Movie #1","Watch movie with others at home","Comedy","13","happy","happy","1","5","5","1","5"
"2015/08/24 3:02:44 PM MDT","High school","chinese","3","Yes","Male","East Asian","scream","jurassicpark","jaws","Movie #2","Party","Science Fiction;Comedy;Drama","","happy","happy","3","3","4","3","3"
"2015/08/30 8:01:28 PM MDT","College","China","2","No","Male","East Asian","Yi Yi: http://www.imdb.com/title/tt0244316/","Lord of the Rings","Princess Mononoke","Movie #1","By yourself","Drama;Realism, Philosophy of Life","19?","patient, perceptive","disillusioned about love","5","2","2","4","3"
"2015/09/01 9:04:12 PM MDT","College","USA","3","No","Male","Western","Let The Right One In","Kontroll","Memories of Murder","Movie #1","By yourself","Horror","21","happy","happy","4","1","2","1","1"
"2015/09/05 12:24:08 PM MDT","High school","American","2","No","Female","Western","Gone With The Wind","Now You See Me","Devil Wears Prada","Movie #1","Watch movie with others at home","Romance","14","happy","happy and sad","3","4","1","2","3"
"2015/09/13 7:11:31 PM MDT","College","canada","3","No","Female","European","ABeautiful Mind","Sweet Home Alabama","The Sound of Music","Movie #1","By yourself","Drama","38","sad","inspired","4","4","2","2","5"
"2015/09/14 4:30:47 PM MDT","High school","canada","3","Yes","Male","East Asian","jaws","saw","freewilly","Movie #2","Vocation","Mystery;Drama","","sad","inspired","3","3","4","3","3"